,name,sample,county,species,filename,pair,SB,SequenceName,ClusterNumber,clade
0,ERR125617,ERR125617,NI,Cow,/storage/btbgenie/mbovis_ireland/NI/ERR125617_2.fastq.gz,1,SB0140,ERR125617,7,NI-1
1,ERR125622,ERR125622,NI,Cow,/storage/btbgenie/mbovis_ireland/NI/ERR125622_1.fastq.gz,1,SB0140,ERR125622,7,NI-1
2,ERR125598,ERR125598,NI,Cow,/storage/btbgenie/mbovis_ireland/NI/ERR125598_2.fastq.gz,1,SB0140,ERR125598,7,NI-1
3,ERR125612,ERR125612,NI,Cow,/storage/btbgenie/mbovis_ireland/NI/ERR125612_1.fastq.gz,1,SB0140,ERR125612,7,NI-1
4,ERR125603,ERR125603,NI,Cow,/storage/btbgenie/mbovis_ireland/NI/ERR125603_1.fastq.gz,1,SB0140,ERR125603,7,NI-1
5,ERR125611,ERR125611,NI,Cow,/storage/btbgenie/mbovis_ireland/NI/ERR125611_2.fastq.gz,1,SB0140,ERR125611,7,NI-1
6,ERR125600,ERR125600,NI,Cow,/storage/btbgenie/mbovis_ireland/NI/ERR125600_1.fastq.gz,1,SB0140,ERR125600,7,NI-1
7,ERR125626,ERR125626,NI,Cow,/storage/btbgenie/mbovis_ireland/NI/ERR125626_2.fastq.gz,1,SB0140,ERR125626,7,NI-1
8,ERR125625,ERR125625,NI,Cow,/storage/btbgenie/mbovis_ireland/NI/ERR125625_2.fastq.gz,1,SB0140,ERR125625,7,NI-1
9,ERR125616,ERR125616,NI,Cow,/storage/btbgenie/mbovis_ireland/NI/ERR125616_2.fastq.gz,1,SB0140,ERR125616,7,NI-1
10,ERR125614,ERR125614,NI,Cow,/storage/btbgenie/mbovis_ireland/NI/ERR125614_1.fastq.gz,1,SB0140,ERR125614,7,NI-1
11,ERR125610,ERR125610,NI,Cow,/storage/btbgenie/mbovis_ireland/NI/ERR125610_1.fastq.gz,1,SB0140,ERR125610,7,NI-1
12,ERR125606,ERR125606,NI,Cow,/storage/btbgenie/mbovis_ireland/NI/ERR125606_1.fastq.gz,1,SB0140,ERR125606,7,NI-1
13,ERR125602,ERR125602,NI,Cow,/storage/btbgenie/mbovis_ireland/NI/ERR125602_2.fastq.gz,1,SB0140,ERR125602,7,NI-1
14,ERR125618,ERR125618,NI,Cow,/storage/btbgenie/mbovis_ireland/NI/ERR125618_1.fastq.gz,1,SB0140,ERR125618,7,NI-1
15,ERR125599,ERR125599,NI,Cow,/storage/btbgenie/mbovis_ireland/NI/ERR125599_2.fastq.gz,1,SB0140,ERR125599,7,NI-1
16,ERR125601,ERR125601,NI,Cow,/storage/btbgenie/mbovis_ireland/NI/ERR125601_1.fastq.gz,1,SB0140,ERR125601,7,NI-1
17,ERR125623,ERR125623,NI,Cow,/storage/btbgenie/mbovis_ireland/NI/ERR125623_2.fastq.gz,1,SB0140,ERR125623,7,NI-1
18,ERR125605,ERR125605,NI,Cow,/storage/btbgenie/mbovis_ireland/NI/ERR125605_2.fastq.gz,1,SB0140,ERR125605,7,NI-1
19,ERR125615,ERR125615,NI,Cow,/storage/btbgenie/mbovis_ireland/NI/ERR125615_2.fastq.gz,1,SB0140,ERR125615,7,NI-1
20,ERR125613,ERR125613,NI,Cow,/storage/btbgenie/mbovis_ireland/NI/ERR125613_2.fastq.gz,1,SB0140,ERR125613,7,NI-1
21,ERR125621,ERR125621,NI,Cow,/storage/btbgenie/mbovis_ireland/NI/ERR125621_2.fastq.gz,1,SB0140,ERR125621,7,NI-1
22,ERR125620,ERR125620,NI,Cow,/storage/btbgenie/mbovis_ireland/NI/ERR125620_1.fastq.gz,1,SB0140,ERR125620,7,NI-1
23,ERR125604,ERR125604,NI,Cow,/storage/btbgenie/mbovis_ireland/NI/ERR125604_2.fastq.gz,1,SB0140,ERR125604,7,NI-1
24,ERR125628,ERR125628,NI,Cow,/storage/btbgenie/mbovis_ireland/NI/ERR125628_2.fastq.gz,1,SB0140,ERR125628,7,NI-1
25,ERR125608,ERR125608,NI,Cow,/storage/btbgenie/mbovis_ireland/NI/ERR125608_1.fastq.gz,1,SB0140,ERR125608,7,NI-1
26,ERR125619,ERR125619,NI,Cow,/storage/btbgenie/mbovis_ireland/NI/ERR125619_2.fastq.gz,1,SB0140,ERR125619,7,NI-1
27,ERR125627,ERR125627,NI,Cow,/storage/btbgenie/mbovis_ireland/NI/ERR125627_1.fastq.gz,1,SB0140,ERR125627,7,NI-1
28,ERR125624,ERR125624,NI,Cow,/storage/btbgenie/mbovis_ireland/NI/ERR125624_2.fastq.gz,1,SB0140,ERR125624,7,NI-1
29,ERR125609,ERR125609,NI,Cow,/storage/btbgenie/mbovis_ireland/NI/ERR125609_2.fastq.gz,1,SB0140,ERR125609,7,NI-1
30,ERR125607,ERR125607,NI,Cow,/storage/btbgenie/mbovis_ireland/NI/ERR125607_1.fastq.gz,1,SB0140,ERR125607,7,NI-1
31,1034,1034,Wicklow,Dog,/storage/btbgenie/mbovis_ireland/Monaghan/Fastqs_24-09-19/1034_S91_L001-4_R1_001.fastq.gz,1,SB0054,1034,5,Wicklow-1
32,1143,1143,Monaghan,Cow,/storage/btbgenie/mbovis_ireland/Monaghan/Fastqs_29-07-19/1143_S21_L001-4_R1_001.fastq.gz,1,SB0142,1143,6,Monaghan-3
33,1147,1147,Monaghan,Cow,/storage/btbgenie/mbovis_ireland/Monaghan/Fastqs_29-07-19/1147_S91_L001-4_R2_001.fastq.gz,1,SB0142,1147,6,Monaghan-3
34,1212,1212,Monaghan,Cow,/storage/btbgenie/mbovis_ireland/Monaghan/Fastqs_29-07-19/1212_S58_L001-4_R1_001.fastq.gz,1,SB0140,1212,1,
35,13-11594,13-11594,Wicklow,Deer,/storage/btbgenie/mbovis_ireland/Wicklow/Fastqs_15-03-19/13-11594_S85_L001-4_R1_001.fastq.gz,1,SB0054,13-11594,5,Wicklow-1
36,14-MBovis,14-MBovis,Wicklow,Deer,/storage/btbgenie/mbovis_ireland/Wicklow/Fastqs_09-07-18/14-MBovis_S21_L001-4_R1_001.fastq.gz,1,SB0054,14-MBovis,5,Wicklow-1
37,1414,1414,Monaghan,Cow,/storage/btbgenie/mbovis_ireland/Monaghan/Fastqs_29-07-19/1414_S12_L001-4_R2_001.fastq.gz,1,SB0142,1414,6,Monaghan-3
38,1418,1418,Monaghan,Cow,/storage/btbgenie/mbovis_ireland/Monaghan/Fastqs_29-07-19/1418_S35_L001-4_R1_001.fastq.gz,1,SB0140,1418,4,Monaghan-1
39,1429,1429,Monaghan,Cow,/storage/btbgenie/mbovis_ireland/Monaghan/Fastqs_29-07-19/1429_S69_L001-4_R2_001.fastq.gz,1,SB0142,1429,6,Monaghan-3
40,1468,1468,Monaghan,,/storage/btbgenie/mbovis_ireland/Monaghan/Fastqs_29-07-19/1468_S55_L001-4_R2_001.fastq.gz,1,SB0140,1468,4,Monaghan-1
41,1477,1477,Monaghan,Cow,/storage/btbgenie/mbovis_ireland/Monaghan/Fastqs_29-07-19/1477_S81_L001-4_R2_001.fastq.gz,1,SB0142,1477,6,Monaghan-3
42,15-11643,15-11643,Wicklow,Deer,/storage/btbgenie/mbovis_ireland/Wicklow/Fastqs_15-03-19/15-11643_S67_L001-4_R2_001.fastq.gz,1,SB0054,15-11643,5,Wicklow-1
43,1579,1579,Monaghan,Cow,/storage/btbgenie/mbovis_ireland/Monaghan/Fastqs_29-07-19/1579_S5_L001-4_R1_001.fastq.gz,1,,1579,6,Monaghan-3
44,1585,1585,Monaghan,Cow,/storage/btbgenie/mbovis_ireland/Monaghan/Fastqs_29-07-19/1585_S6_L001-4_R1_001.fastq.gz,1,SB0142,1585,6,Monaghan-3
45,1689,1689,Monaghan,Cow,/storage/btbgenie/mbovis_ireland/Monaghan/Fastqs_24-09-19/1689_S72_L001-4_R1_001.fastq.gz,1,SB0975,1689,4,Monaghan-1
46,17-11662,17-11662,Wicklow,Deer,/storage/btbgenie/mbovis_ireland/Wicklow/Fastqs_15-03-19/17-11662_S11_L001-4_R2_001.fastq.gz,1,SB0054,17-11662,5,Wicklow-1
47,17-MBovis,17-MBovis,Wicklow,Deer,/storage/btbgenie/mbovis_ireland/Wicklow/Fastqs_07-01-18/17-MBovis_S21_L001-4_R1_001.fastq.gz,1,SB0054,17-MBovis,5,Wicklow-1
48,1768,1768,Monaghan,Badger,/storage/btbgenie/mbovis_ireland/Monaghan/Fastqs_29-07-19/1768_S24_L001-4_R2_001.fastq.gz,1,SB0140,1768,3,Monaghan-2
49,1771,1771,Monaghan,Badger,/storage/btbgenie/mbovis_ireland/Monaghan/Fastqs_29-07-19/1771_S72_L001-4_R1_001.fastq.gz,1,SB0140,1771,3,Monaghan-2
50,182-MBovis,182-MBovis,SomewhereInNorthernIreland,,/storage/btbgenie/mbovis_ireland/Wicklow/Fastqs_09-07-18/182-MBovis_S4_L001-4_R1_001.fastq.gz,1,SB0263,182-MBovis,-1,Unknown
51,1829,1829,Monaghan,Cow,/storage/btbgenie/mbovis_ireland/Monaghan/Fastqs_29-07-19/1829_S70_L001-4_R1_001.fastq.gz,1,SB0140,1829,3,Monaghan-2
52,183,183,Monaghan,Badger,/storage/btbgenie/mbovis_ireland/Monaghan/Fastqs_29-07-19/183_S31_L001-4_R2_001.fastq.gz,1,SB0140,183,3,Monaghan-2
53,19-11957,19-11957,Wicklow,Deer,/storage/btbgenie/mbovis_ireland/Wicklow/Fastqs_15-03-19/19-11957_S38_L001-4_R1_001.fastq.gz,1,SB0054,19-11957,5,Wicklow-1
54,19-1230,19-1230,Monaghan,Cow,/storage/btbgenie/mbovis_ireland/Monaghan/Fastqs_16-12-19/19-1230_S81_L001-4_R2_001.fastq.gz,1,SB0142,19-1230,6,Monaghan-3
55,19-1426,19-1426,Monaghan,Cow,/storage/btbgenie/mbovis_ireland/Monaghan/Fastqs_16-12-19/19-1426_S56_L001-4_R1_001.fastq.gz,1,SB0142,19-1426,6,Monaghan-3
56,19-1428,19-1428,Monaghan,Cow,/storage/btbgenie/mbovis_ireland/Monaghan/Fastqs_16-12-19/19-1428_S57_L001-4_R1_001.fastq.gz,1,SB0980,19-1428,4,Monaghan-1
57,19-1465,19-1465,Monaghan,Cow,/storage/btbgenie/mbovis_ireland/Monaghan/Fastqs_16-12-19/19-1465_S94_L001-4_R1_001.fastq.gz,1,SB0142,19-1465,6,Monaghan-3
58,19-1469,19-1469,Monaghan,Cow,/storage/btbgenie/mbovis_ireland/Monaghan/Fastqs_16-12-19/19-1469_S35_L001-4_R1_001.fastq.gz,1,SB0140,19-1469,3,Monaghan-2
59,19-1601,19-1601,Monaghan,Cow,/storage/btbgenie/mbovis_ireland/Monaghan/Fastqs_16-12-19/19-1601_S28_L001-4_R1_001.fastq.gz,1,SB0142,19-1601,6,Monaghan-3
60,19-1603,19-1603,Monaghan,Cow,/storage/btbgenie/mbovis_ireland/Monaghan/Fastqs_16-12-19/19-1603_S85_L001-4_R2_001.fastq.gz,1,SB0140,19-1603,3,Monaghan-2
61,19-1629,19-1629,Monaghan,,/storage/btbgenie/mbovis_ireland/Monaghan/Fastqs_16-12-19/19-1629_S19_L001-4_R1_001.fastq.gz,1,SB0140,19-1629,3,Monaghan-2
62,19-1690,19-1690,Monaghan,Cow,/storage/btbgenie/mbovis_ireland/Monaghan/Fastqs_16-12-19/19-1690_S63_L001-4_R1_001.fastq.gz,1,SB0142,19-1690,6,Monaghan-3
63,19-1942,19-1942,Monaghan,Cow,/storage/btbgenie/mbovis_ireland/Monaghan/Fastqs_16-12-19/19-1942_S86_L001-4_R2_001.fastq.gz,1,SB0142,19-1942,6,Monaghan-3
64,19-1958,19-1958,Monaghan,Cow,/storage/btbgenie/mbovis_ireland/Monaghan/Fastqs_16-12-19/19-1958_S33_L001-4_R1_001.fastq.gz,1,SB0142,19-1958,6,Monaghan-3
65,19-2376,19-2376,Monaghan,Cow,/storage/btbgenie/mbovis_ireland/Monaghan/Fastqs_16-12-19/19-2376_S12_L001-4_R2_001.fastq.gz,1,SB0140,19-2376,4,Monaghan-1
66,19-2438,19-2438,Monaghan,Cow,/storage/btbgenie/mbovis_ireland/Monaghan/Fastqs_16-12-19/19-2438_S42_L001-4_R2_001.fastq.gz,1,SB0145,19-2438,-1,Unknown
67,19-2586,19-2586,Monaghan,Cow,/storage/btbgenie/mbovis_ireland/Monaghan/Fastqs_16-12-19/19-2586_S24_L001-4_R1_001.fastq.gz,1,SB0140,19-2586,3,Monaghan-2
68,19-2597,19-2597,Monaghan,Cow,/storage/btbgenie/mbovis_ireland/Monaghan/Fastqs_16-12-19/19-2597_S5_L001-4_R1_001.fastq.gz,1,SB0140,19-2597,3,Monaghan-2
69,19-2600,19-2600,Monaghan,Cow,/storage/btbgenie/mbovis_ireland/Monaghan/Fastqs_16-12-19/19-2600_S61_L001-4_R2_001.fastq.gz,1,SB0142,19-2600,6,Monaghan-3
70,19-2613,19-2613,Monaghan,Cow,/storage/btbgenie/mbovis_ireland/Monaghan/Fastqs_16-12-19/19-2613_S91_L001-4_R1_001.fastq.gz,1,SB0140,19-2613,4,Monaghan-1
71,19-2730,19-2730,Monaghan,Cow,/storage/btbgenie/mbovis_ireland/Monaghan/Fastqs_16-12-19/19-2730_S26_L001-4_R2_001.fastq.gz,1,SB0142,19-2730,6,Monaghan-3
72,19-2786,19-2786,Monaghan,Cow,/storage/btbgenie/mbovis_ireland/Monaghan/Fastqs_16-12-19/19-2786_S55_L001-4_R2_001.fastq.gz,1,SB0142,19-2786,6,Monaghan-3
73,19-2919,19-2919,Monaghan,Cow,/storage/btbgenie/mbovis_ireland/Monaghan/Fastqs_16-12-19/19-2919_S25_L001-4_R2_001.fastq.gz,1,SB0140,19-2919,3,Monaghan-2
74,19-3366,19-3366,Monaghan,Cow,/storage/btbgenie/mbovis_ireland/Monaghan/Fastqs_16-12-19/19-3366_S92_L001-4_R1_001.fastq.gz,1,SB0140,19-3366,4,Monaghan-1
75,19-3370,19-3370,Monaghan,Cow,/storage/btbgenie/mbovis_ireland/Monaghan/Fastqs_16-12-19/19-3370_S54_L001-4_R2_001.fastq.gz,1,SB0980,19-3370,4,Monaghan-1
76,19-3752,19-3752,Monaghan,Cow,/storage/btbgenie/mbovis_ireland/Monaghan/Fastqs_16-12-19/19-3752_S41_L001-4_R2_001.fastq.gz,1,SB0142,19-3752,6,Monaghan-3
77,19-3761,19-3761,Monaghan,Cow,/storage/btbgenie/mbovis_ireland/Monaghan/Fastqs_16-12-19/19-3761_S78_L001-4_R2_001.fastq.gz,1,SB0140,19-3761,4,Monaghan-1
78,19-3989,19-3989,Monaghan,Badger,/storage/btbgenie/mbovis_ireland/Monaghan/Fastqs_16-12-19/19-3989_S39_L001-4_R1_001.fastq.gz,1,SB0142,19-3989,6,Monaghan-3
79,19-3990,19-3990,Monaghan,,/storage/btbgenie/mbovis_ireland/Monaghan/Fastqs_16-12-19/19-3990_S23_L001-4_R1_001.fastq.gz,1,SB0142,19-3990,6,Monaghan-3
80,19-4022,19-4022,Monaghan,Cow,/storage/btbgenie/mbovis_ireland/Monaghan/Fastqs_16-12-19/19-4022_S15_L001-4_R1_001.fastq.gz,1,SB0140,19-4022,-1,Unknown
81,19-4161,19-4161,Monaghan,Badger,/storage/btbgenie/mbovis_ireland/Monaghan/Fastqs_16-12-19/19-4161_S1_L001-4_R1_001.fastq.gz,1,SB0142,19-4161,6,Monaghan-3
82,19-4165,19-4165,Monaghan,,/storage/btbgenie/mbovis_ireland/Monaghan/Fastqs_16-12-19/19-4165_S20_L001-4_R2_001.fastq.gz,1,SB0142,19-4165,6,Monaghan-3
83,19-4167,19-4167,Monaghan,Cow,/storage/btbgenie/mbovis_ireland/Monaghan/Fastqs_16-12-19/19-4167_S3_L001-4_R2_001.fastq.gz,1,SB0140,19-4167,3,Monaghan-2
84,19-4168,19-4168,Monaghan,,/storage/btbgenie/mbovis_ireland/Monaghan/Fastqs_16-12-19/19-4168_S66_L001-4_R2_001.fastq.gz,1,SB0140,19-4168,3,Monaghan-2
85,19-4235,19-4235,Monaghan,Cow,/storage/btbgenie/mbovis_ireland/Monaghan/Fastqs_16-12-19/19-4235_S10_L001-4_R1_001.fastq.gz,1,SB0142,19-4235,6,Monaghan-3
86,19-4240,19-4240,Monaghan,Cow,/storage/btbgenie/mbovis_ireland/Monaghan/Fastqs_16-12-19/19-4240_S80_L001-4_R1_001.fastq.gz,1,SB0142,19-4240,6,Monaghan-3
87,19-4281,19-4281,Monaghan,Cow,/storage/btbgenie/mbovis_ireland/Monaghan/Fastqs_16-12-19/19-4281_S77_L001-4_R2_001.fastq.gz,1,SB0146,19-4281,-1,Unknown
88,19-4803,19-4803,Monaghan,Cow,/storage/btbgenie/mbovis_ireland/Monaghan/Fastqs_16-12-19/19-4803_S31_L001-4_R1_001.fastq.gz,1,SB0980,19-4803,4,Monaghan-1
89,19-4872,19-4872,Monaghan,Cow,/storage/btbgenie/mbovis_ireland/Monaghan/Fastqs_16-12-19/19-4872_S83_L001-4_R2_001.fastq.gz,1,SB0142,19-4872,6,Monaghan-3
90,19-4938,19-4938,Monaghan,Badger,/storage/btbgenie/mbovis_ireland/Monaghan/Fastqs_16-12-19/19-4938_S30_L001-4_R1_001.fastq.gz,1,SB0140,19-4938,1,
91,19-5155,19-5155,Monaghan,Cow,/storage/btbgenie/mbovis_ireland/Monaghan/Fastqs_16-12-19/19-5155_S11_L001-4_R2_001.fastq.gz,1,SB0978,19-5155,8,
92,19-5162,19-5162,Monaghan,Cow,/storage/btbgenie/mbovis_ireland/Monaghan/Fastqs_16-12-19/19-5162_S16_L001-4_R1_001.fastq.gz,1,SB0980,19-5162,4,Monaghan-1
93,19-5221,19-5221,Monaghan,Badger,/storage/btbgenie/mbovis_ireland/Monaghan/Fastqs_16-12-19/19-5221_S90_L001-4_R1_001.fastq.gz,1,SB0142,19-5221,6,Monaghan-3
94,19-5222,19-5222,Monaghan,,/storage/btbgenie/mbovis_ireland/Monaghan/Fastqs_16-12-19/19-5222_S52_L001-4_R1_001.fastq.gz,1,SB0142,19-5222,6,Monaghan-3
95,19-5224,19-5224,Monaghan,,/storage/btbgenie/mbovis_ireland/Monaghan/Fastqs_16-12-19/19-5224_S37_L001-4_R2_001.fastq.gz,1,SB0142,19-5224,6,Monaghan-3
96,19-5663,19-5663,Monaghan,Cow,/storage/btbgenie/mbovis_ireland/Monaghan/Fastqs_16-12-19/19-5663_S69_L001-4_R2_001.fastq.gz,1,SB0142,19-5663,6,Monaghan-3
97,19-5771,19-5771,Monaghan,Cow,/storage/btbgenie/mbovis_ireland/Monaghan/Fastqs_16-12-19/19-5771_S27_L001-4_R1_001.fastq.gz,1,SB0140,19-5771,3,Monaghan-2
98,19-5777,19-5777,Monaghan,Cow,/storage/btbgenie/mbovis_ireland/Monaghan/Fastqs_16-12-19/19-5777_S17_L001-4_R2_001.fastq.gz,1,SB0140,19-5777,3,Monaghan-2
99,19-578,19-578,Monaghan,Cow,/storage/btbgenie/mbovis_ireland/Monaghan/Fastqs_16-12-19/19-578_S71_L001-4_R1_001.fastq.gz,1,SB0140,19-578,3,Monaghan-2
100,19-5969,19-5969,Monaghan,Cow,/storage/btbgenie/mbovis_ireland/Monaghan/Fastqs_16-12-19/19-5969_S70_L001-4_R1_001.fastq.gz,1,SB0140,19-5969,3,Monaghan-2
101,19-598,19-598,Monaghan,Cow,/storage/btbgenie/mbovis_ireland/Monaghan/Fastqs_16-12-19/19-598_S95_L001-4_R1_001.fastq.gz,1,SB0140,19-598,3,Monaghan-2
102,19-6107,19-6107,Monaghan,Cow,/storage/btbgenie/mbovis_ireland/Monaghan/Fastqs_16-12-19/19-6107_S79_L001-4_R1_001.fastq.gz,1,SB0142,19-6107,6,Monaghan-3
103,19-6108,19-6108,Monaghan,Cow,/storage/btbgenie/mbovis_ireland/Monaghan/Fastqs_16-12-19/19-6108_S62_L001-4_R1_001.fastq.gz,1,SB0980,19-6108,4,Monaghan-1
104,19-6246,19-6246,Monaghan,Cow,/storage/btbgenie/mbovis_ireland/Monaghan/Fastqs_16-12-19/19-6246_S45_L001-4_R2_001.fastq.gz,1,SB0140,19-6246,3,Monaghan-2
105,19-6276,19-6276,Monaghan,Cow,/storage/btbgenie/mbovis_ireland/Monaghan/Fastqs_16-12-19/19-6276_S18_L001-4_R2_001.fastq.gz,1,,19-6276,8,
106,19-6277,19-6277,Monaghan,Cow,/storage/btbgenie/mbovis_ireland/Monaghan/Fastqs_16-12-19/19-6277_S32_L001-4_R1_001.fastq.gz,1,SB0140,19-6277,4,Monaghan-1
107,19-6311,19-6311,Monaghan,Badger,/storage/btbgenie/mbovis_ireland/Monaghan/Fastqs_16-12-19/19-6311_S82_L001-4_R2_001.fastq.gz,1,SB0980,19-6311,4,Monaghan-1
108,19-6317,19-6317,Monaghan,Badger,/storage/btbgenie/mbovis_ireland/Monaghan/Fastqs_16-12-19/19-6317_S60_L001-4_R2_001.fastq.gz,1,SB0142,19-6317,6,Monaghan-3
109,19-6321,19-6321,Monaghan,Badger,/storage/btbgenie/mbovis_ireland/Monaghan/Fastqs_16-12-19/19-6321_S38_L001-4_R1_001.fastq.gz,1,SB0142,19-6321,6,Monaghan-3
110,19-6357,19-6357,Monaghan,Badger,/storage/btbgenie/mbovis_ireland/Monaghan/Fastqs_16-12-19/19-6357_S53_L001-4_R1_001.fastq.gz,1,SB0142,19-6357,6,Monaghan-3
111,19-6359,19-6359,Monaghan,Badger,/storage/btbgenie/mbovis_ireland/Monaghan/Fastqs_16-12-19/19-6359_S76_L001-4_R2_001.fastq.gz,1,SB0140,19-6359,3,Monaghan-2
112,19-6360,19-6360,Monaghan,Badger,/storage/btbgenie/mbovis_ireland/Monaghan/Fastqs_16-12-19/19-6360_S75_L001-4_R1_001.fastq.gz,1,SB0140,19-6360,3,Monaghan-2
113,19-6468,19-6468,Monaghan,Badger,/storage/btbgenie/mbovis_ireland/Monaghan/Fastqs_16-12-19/19-6468_S67_L001-4_R1_001.fastq.gz,1,SB0142,19-6468,6,Monaghan-3
114,19-65,19-65,Monaghan,Cow,/storage/btbgenie/mbovis_ireland/Monaghan/Fastqs_16-12-19/19-65_S93_L001-4_R2_001.fastq.gz,1,SB0140,19-65,3,Monaghan-2
115,19-6656,19-6656,Monaghan,Cow,/storage/btbgenie/mbovis_ireland/Monaghan/Fastqs_16-12-19/19-6656_S44_L001-4_R1_001.fastq.gz,1,SB0142,19-6656,6,Monaghan-3
116,19-6784,19-6784,Monaghan,Cow,/storage/btbgenie/mbovis_ireland/Monaghan/Fastqs_16-12-19/19-6784_S87_L001-4_R2_001.fastq.gz,1,SB0140,19-6784,3,Monaghan-2
117,19-6793,19-6793,Monaghan,Cow,/storage/btbgenie/mbovis_ireland/Monaghan/Fastqs_16-12-19/19-6793_S6_L001-4_R1_001.fastq.gz,1,SB0980,19-6793,4,Monaghan-1
118,19-6796,19-6796,Monaghan,Cow,/storage/btbgenie/mbovis_ireland/Monaghan/Fastqs_16-12-19/19-6796_S34_L001-4_R2_001.fastq.gz,1,SB0142,19-6796,6,Monaghan-3
119,19-6908,19-6908,Monaghan,Badger,/storage/btbgenie/mbovis_ireland/Monaghan/Fastqs_16-12-19/19-6908_S9_L001-4_R2_001.fastq.gz,1,SB0140,19-6908,3,Monaghan-2
120,19-7190,19-7190,Monaghan,Badger,/storage/btbgenie/mbovis_ireland/Monaghan/Fastqs_16-12-19/19-7190_S21_L001-4_R2_001.fastq.gz,1,SB0142,19-7190,6,Monaghan-3
121,19-7209,19-7209,Monaghan,Cow,/storage/btbgenie/mbovis_ireland/Monaghan/Fastqs_16-12-19/19-7209_S13_L001-4_R1_001.fastq.gz,1,SB0140,19-7209,3,Monaghan-2
122,19-7319,19-7319,Monaghan,Cow,/storage/btbgenie/mbovis_ireland/Monaghan/Fastqs_16-12-19/19-7319_S58_L001-4_R2_001.fastq.gz,1,SB0142,19-7319,6,Monaghan-3
123,19-7323,19-7323,Monaghan,Cow,/storage/btbgenie/mbovis_ireland/Monaghan/Fastqs_16-12-19/19-7323_S46_L001-4_R2_001.fastq.gz,1,SB0140,19-7323,3,Monaghan-2
124,19-7328,19-7328,Monaghan,Cow,/storage/btbgenie/mbovis_ireland/Monaghan/Fastqs_16-12-19/19-7328_S7_L001-4_R2_001.fastq.gz,1,SB0140,19-7328,3,Monaghan-2
125,19-7348,19-7348,Monaghan,Cow,/storage/btbgenie/mbovis_ireland/Monaghan/Fastqs_16-12-19/19-7348_S43_L001-4_R2_001.fastq.gz,1,SB0980,19-7348,4,Monaghan-1
126,19-7404,19-7404,Monaghan,Badger,/storage/btbgenie/mbovis_ireland/Monaghan/Fastqs_16-12-19/19-7404_S51_L001-4_R1_001.fastq.gz,1,SB0142,19-7404,6,Monaghan-3
127,19-7405,19-7405,Monaghan,Badger,/storage/btbgenie/mbovis_ireland/Monaghan/Fastqs_16-12-19/19-7405_S50_L001-4_R2_001.fastq.gz,1,SB0142,19-7405,6,Monaghan-3
128,19-7433,19-7433,Monaghan,,/storage/btbgenie/mbovis_ireland/Monaghan/Fastqs_16-12-19/19-7433_S84_L001-4_R1_001.fastq.gz,1,SB0140,19-7433,3,Monaghan-2
129,19-7464,19-7464,Monaghan,Badger,/storage/btbgenie/mbovis_ireland/Monaghan/Fastqs_16-12-19/19-7464_S2_L001-4_R2_001.fastq.gz,1,SB0142,19-7464,6,Monaghan-3
130,19-7512,19-7512,Monaghan,,/storage/btbgenie/mbovis_ireland/Monaghan/Fastqs_16-12-19/19-7512_S89_L001-4_R1_001.fastq.gz,1,SB0140,19-7512,3,Monaghan-2
131,19-7517,19-7517,Monaghan,Badger,/storage/btbgenie/mbovis_ireland/Monaghan/Fastqs_16-12-19/19-7517_S73_L001-4_R1_001.fastq.gz,1,SB0142,19-7517,6,Monaghan-3
132,19-7577,19-7577,Monaghan,Cow,/storage/btbgenie/mbovis_ireland/Monaghan/Fastqs_16-12-19/19-7577_S72_L001-4_R1_001.fastq.gz,1,SB0980,19-7577,4,Monaghan-1
133,19-8206,19-8206,Monaghan,Cow,/storage/btbgenie/mbovis_ireland/Monaghan/Fastqs_16-12-19/19-8206_S4_L001-4_R1_001.fastq.gz,1,SB0142,19-8206,6,Monaghan-3
134,19-8294,19-8294,Monaghan,Cow,/storage/btbgenie/mbovis_ireland/Monaghan/Fastqs_16-12-19/19-8294_S40_L001-4_R1_001.fastq.gz,1,SB0140,19-8294,2,
135,19-MBovis,19-MBovis,Wicklow,Deer,/storage/btbgenie/mbovis_ireland/Wicklow/Fastqs_07-01-18/19-MBovis_S32_L001-4_R1_001.fastq.gz,1,SB0054,19-MBovis,5,Wicklow-1
136,192,192,Monaghan,Cow,/storage/btbgenie/mbovis_ireland/Monaghan/Fastqs_29-07-19/192_S92_L001-4_R2_001.fastq.gz,1,SB0142,192,6,Monaghan-3
137,1953,1953,Monaghan,Cow,/storage/btbgenie/mbovis_ireland/Monaghan/Fastqs_24-09-19/1953_S21_L001-4_R2_001.fastq.gz,1,SB0142,1953,6,Monaghan-3
138,2014,2014,Monaghan,Cow,/storage/btbgenie/mbovis_ireland/Monaghan/Fastqs_24-09-19/2014_S14_L001-4_R1_001.fastq.gz,1,SB0140,2014,3,Monaghan-2
139,2018,2018,Monaghan,Cow,/storage/btbgenie/mbovis_ireland/Monaghan/Fastqs_29-07-19/2018_S27_L001-4_R2_001.fastq.gz,1,SB0140,2018,3,Monaghan-2
140,2061,2061,Monaghan,,/storage/btbgenie/mbovis_ireland/Monaghan/Fastqs_29-07-19/2061_S59_L001-4_R2_001.fastq.gz,1,SB0140,2061,-1,Unknown
141,2114p,2114p,Monaghan,Badger,/storage/btbgenie/mbovis_ireland/Monaghan/Fastqs_29-07-19/2114p_S77_L001-4_R2_001.fastq.gz,1,SB0140,2114p,3,Monaghan-2
142,22-12200,22-12200,Wicklow,Deer,/storage/btbgenie/mbovis_ireland/Wicklow/Fastqs_15-03-19/22-12200_S30_L001-4_R1_001.fastq.gz,1,SB0054,22-12200,5,Wicklow-1
143,2266,2266,Monaghan,Badger,/storage/btbgenie/mbovis_ireland/Monaghan/Fastqs_29-07-19/2266_S22_L001-4_R2_001.fastq.gz,1,SB0140,2266,3,Monaghan-2
144,23-MBovis,23-MBovis,Wicklow,Deer,/storage/btbgenie/mbovis_ireland/Wicklow/Fastqs_09-07-18/23-MBovis_S26_L001-4_R1_001.fastq.gz,1,SB0054,23-MBovis,5,Wicklow-1
145,2347,2347,Monaghan,,/storage/btbgenie/mbovis_ireland/Monaghan/Fastqs_29-07-19/2347_S10_L001-4_R2_001.fastq.gz,1,SB0142,2347,6,Monaghan-3
146,2385,2385,Monaghan,Cow,/storage/btbgenie/mbovis_ireland/Monaghan/Fastqs_29-07-19/2385_S20_L001-4_R2_001.fastq.gz,1,SB0140,2385,4,Monaghan-1
147,2388,2388,Monaghan,Cow,/storage/btbgenie/mbovis_ireland/Monaghan/Fastqs_29-07-19/2388_S54_L001-4_R2_001.fastq.gz,1,SB0140,2388,4,Monaghan-1
148,2395,2395,Monaghan,Cow,/storage/btbgenie/mbovis_ireland/Monaghan/Fastqs_29-07-19/2395_S13_L001-4_R2_001.fastq.gz,1,SB0140,2395,3,Monaghan-2
149,2397,2397,Monaghan,Cow,/storage/btbgenie/mbovis_ireland/Monaghan/Fastqs_29-07-19/2397_S93_L001-4_R1_001.fastq.gz,1,SB0140,2397,3,Monaghan-2
150,24-MBovis,24-MBovis,Wicklow,Cow,/storage/btbgenie/mbovis_ireland/Wicklow/Fastqs_09-07-18/24-MBovis_S2_L001-4_R2_001.fastq.gz,1,SB0054,24-MBovis,5,Wicklow-1
151,2401,2401,Monaghan,Cow,/storage/btbgenie/mbovis_ireland/Monaghan/Fastqs_29-07-19/2401_S48_L001-4_R1_001.fastq.gz,1,SB0142,2401,6,Monaghan-3
152,2410,2410,Monaghan,Cow,/storage/btbgenie/mbovis_ireland/Monaghan/Fastqs_29-07-19/2410_S42_L001-4_R2_001.fastq.gz,1,SB0140,2410,4,Monaghan-1
153,2411,2411,Monaghan,Cow,/storage/btbgenie/mbovis_ireland/Monaghan/Fastqs_29-07-19/2411_S11_L001-4_R2_001.fastq.gz,1,SB0140,2411,3,Monaghan-2
154,2423p,2423p,Monaghan,Cow,/storage/btbgenie/mbovis_ireland/Monaghan/Fastqs_29-07-19/2423p_S29_L001-4_R1_001.fastq.gz,1,SB0142,2423p,6,Monaghan-3
155,25-MBovis,25-MBovis,Wicklow,Cow,/storage/btbgenie/mbovis_ireland/Wicklow/Fastqs_09-07-18/25-MBovis_S1_L001-4_R2_001.fastq.gz,1,SB0054,25-MBovis,5,Wicklow-1
156,2591,2591,Monaghan,,/storage/btbgenie/mbovis_ireland/Monaghan/Fastqs_29-07-19/2591_S49_L001-4_R1_001.fastq.gz,1,SB0140,2591,3,Monaghan-2
157,26-12883,26-12883,Wicklow,Deer,/storage/btbgenie/mbovis_ireland/Wicklow/Fastqs_15-03-19/26-12883_S29_L001-4_R1_001.fastq.gz,1,SB0054,26-12883,5,Wicklow-1
158,26-MBovis,26-MBovis,Wicklow,Cow,/storage/btbgenie/mbovis_ireland/Wicklow/Fastqs_07-01-18/26-MBovis_S43_L001-4_R1_001.fastq.gz,1,SB0054,26-MBovis,5,Wicklow-1
159,2602,2602,Monaghan,Cow,/storage/btbgenie/mbovis_ireland/Monaghan/Fastqs_24-09-19/2602_S74_L001-4_R2_001.fastq.gz,1,SB0980,2602,4,Monaghan-1
160,2606,2606,Monaghan,Cow,/storage/btbgenie/mbovis_ireland/Monaghan/Fastqs_24-09-19/2606_S51_L001-4_R2_001.fastq.gz,1,SB0142,2606,6,Monaghan-3
161,2608,2608,Monaghan,Cow,/storage/btbgenie/mbovis_ireland/Monaghan/Fastqs_24-09-19/2608_S36_L001-4_R2_001.fastq.gz,1,SB0142,2608,6,Monaghan-3
162,2611,2611,Monaghan,Cow,/storage/btbgenie/mbovis_ireland/Monaghan/Fastqs_24-09-19/2611_S19_L001-4_R2_001.fastq.gz,1,SB0142,2611,6,Monaghan-3
163,27-MBovis,27-MBovis,Wicklow,Cow,/storage/btbgenie/mbovis_ireland/Wicklow/Fastqs_09-07-18/27-MBovis_S3_L001-4_R2_001.fastq.gz,1,SB0054,27-MBovis,5,Wicklow-1
164,2703,2703,Monaghan,Cow,/storage/btbgenie/mbovis_ireland/Monaghan/Fastqs_29-07-19/2703_S94_L001-4_R1_001.fastq.gz,1,SB0140,2703,2,
165,2739,2739,Monaghan,Cow,/storage/btbgenie/mbovis_ireland/Monaghan/Fastqs_24-09-19/2739_S45_L001-4_R2_001.fastq.gz,1,SB0140,2739,7,NI-1
166,28-12935,28-12935,Wicklow,Deer,/storage/btbgenie/mbovis_ireland/Wicklow/Fastqs_15-03-19/28-12935_S66_L001-4_R2_001.fastq.gz,1,SB0054,28-12935,5,Wicklow-1
167,2809,2809,Monaghan,Badger,/storage/btbgenie/mbovis_ireland/Monaghan/Fastqs_29-07-19/2809_S61_L001-4_R2_001.fastq.gz,1,SB0140,2809,3,Monaghan-2
168,29-MBovis,29-MBovis,Wicklow,Cow,/storage/btbgenie/mbovis_ireland/Wicklow/Fastqs_09-07-18/29-MBovis_S37_L001-4_R1_001.fastq.gz,1,SB0054,29-MBovis,5,Wicklow-1
169,2975,2975,Monaghan,Badger,/storage/btbgenie/mbovis_ireland/Monaghan/Fastqs_24-09-19/2975_S40_L001-4_R2_001.fastq.gz,1,SB0142,2975,6,Monaghan-3
170,2976,2976,Monaghan,Badger,/storage/btbgenie/mbovis_ireland/Monaghan/Fastqs_24-09-19/2976_S95_L001-4_R2_001.fastq.gz,1,SB0142,2976,6,Monaghan-3
171,2977,2977,Monaghan,Badger,/storage/btbgenie/mbovis_ireland/Monaghan/Fastqs_24-09-19/2977_S22_L001-4_R2_001.fastq.gz,1,SB0142,2977,6,Monaghan-3
172,2980,2980,Monaghan,Badger,/storage/btbgenie/mbovis_ireland/Monaghan/Fastqs_29-07-19/2980_S36_L001-4_R1_001.fastq.gz,1,SB0140,2980,3,Monaghan-2
173,3-10110,3-10110,Wicklow,Deer,/storage/btbgenie/mbovis_ireland/Wicklow/Fastqs_15-03-19/3-10110_S39_L001-4_R1_001.fastq.gz,1,SB0054,3-10110,5,Wicklow-1
174,30-MBovis,30-MBovis,Wicklow,Cow,/storage/btbgenie/mbovis_ireland/Wicklow/Fastqs_09-07-18/30-MBovis_S41_L001-4_R2_001.fastq.gz,1,SB0054,30-MBovis,5,Wicklow-1
175,3090,3090,Monaghan,Cow,/storage/btbgenie/mbovis_ireland/Monaghan/Fastqs_24-09-19/3090_S39_L001-4_R1_001.fastq.gz,1,SB0140,3090,3,Monaghan-2
176,3091,3091,Monaghan,Cow,/storage/btbgenie/mbovis_ireland/Monaghan/Fastqs_24-09-19/3091_S38_L001-4_R1_001.fastq.gz,1,SB0140,3091,3,Monaghan-2
177,31-12952,31-12952,Wicklow,Deer,/storage/btbgenie/mbovis_ireland/Wicklow/Fastqs_15-03-19/31-12952_S34_L001-4_R2_001.fastq.gz,1,SB0054,31-12952,5,Wicklow-1
178,3260,3260,Monaghan,Badger,/storage/btbgenie/mbovis_ireland/Monaghan/Fastqs_24-09-19/3260_S60_L001-4_R1_001.fastq.gz,1,SB0140,3260,3,Monaghan-2
179,3261,3261,Monaghan,Badger,/storage/btbgenie/mbovis_ireland/Monaghan/Fastqs_24-09-19/3261_S50_L001-4_R1_001.fastq.gz,1,SB0140,3261,3,Monaghan-2
180,3263,3263,Monaghan,Badger,/storage/btbgenie/mbovis_ireland/Monaghan/Fastqs_24-09-19/3263_S31_L001-4_R1_001.fastq.gz,1,SB0140,3263,3,Monaghan-2
181,3266,3266,Monaghan,Badger,/storage/btbgenie/mbovis_ireland/Monaghan/Fastqs_24-09-19/3266_S59_L001-4_R2_001.fastq.gz,1,SB0140,3266,3,Monaghan-2
182,3377,3377,Monaghan,Cow,/storage/btbgenie/mbovis_ireland/Monaghan/Fastqs_24-09-19/3377_S65_L001-4_R2_001.fastq.gz,1,SB0140,3377,3,Monaghan-2
183,3413,3413,Monaghan,Cow,/storage/btbgenie/mbovis_ireland/Monaghan/Fastqs_24-09-19/3413_S37_L001-4_R1_001.fastq.gz,1,SB0142,3413,6,Monaghan-3
184,343,343,Monaghan,Badger,/storage/btbgenie/mbovis_ireland/Monaghan/Fastqs_29-07-19/343_S87_L001-4_R2_001.fastq.gz,1,SB0142,343,6,Monaghan-3
185,3437,3437,Monaghan,Cow,/storage/btbgenie/mbovis_ireland/Monaghan/Fastqs_24-09-19/3437_S43_L001-4_R2_001.fastq.gz,1,SB0142,3437,6,Monaghan-3
186,3480,3480,Monaghan,Cow,/storage/btbgenie/mbovis_ireland/Monaghan/Fastqs_24-09-19/3480_S12_L001-4_R2_001.fastq.gz,1,SB0142,3480,6,Monaghan-3
187,3495,3495,Monaghan,Cow,/storage/btbgenie/mbovis_ireland/Monaghan/Fastqs_24-09-19/3495_S76_L001-4_R2_001.fastq.gz,1,SB0142,3495,6,Monaghan-3
188,3496,3496,Monaghan,Cow,/storage/btbgenie/mbovis_ireland/Monaghan/Fastqs_24-09-19/3496_S83_L001-4_R2_001.fastq.gz,1,SB0980,3496,4,Monaghan-1
189,3497,3497,Monaghan,,/storage/btbgenie/mbovis_ireland/Monaghan/Fastqs_24-09-19/3497_S94_L001-4_R1_001.fastq.gz,1,SB0142,3497,6,Monaghan-3
190,35-MBovis,35-MBovis,Wicklow,Cow,/storage/btbgenie/mbovis_ireland/Wicklow/Fastqs_09-07-18/35-MBovis_S30_L001-4_R2_001.fastq.gz,1,SB0054,35-MBovis,5,Wicklow-1
191,356,356,Monaghan,Badger,/storage/btbgenie/mbovis_ireland/Monaghan/Fastqs_29-07-19/356_S26_L001-4_R1_001.fastq.gz,1,SB0140,356,-1,Unknown
192,3582,3582,Monaghan,Badger,/storage/btbgenie/mbovis_ireland/Monaghan/Fastqs_24-09-19/3582_S64_L001-4_R2_001.fastq.gz,1,SB0142,3582,6,Monaghan-3
193,36-MBovis,36-MBovis,Wicklow,Cow,/storage/btbgenie/mbovis_ireland/Wicklow/Fastqs_09-07-18/36-MBovis_S38_L001-4_R1_001.fastq.gz,1,SB0054,36-MBovis,5,Wicklow-1
194,362p,362p,Monaghan,Badger,/storage/btbgenie/mbovis_ireland/Monaghan/Fastqs_29-07-19/362p_S18_L001-4_R2_001.fastq.gz,1,SB0142,362p,6,Monaghan-3
195,365,365,Monaghan,Badger,/storage/btbgenie/mbovis_ireland/Monaghan/Fastqs_29-07-19/365_S86_L001-4_R2_001.fastq.gz,1,SB0140,365,3,Monaghan-2
196,37-MBovis,37-MBovis,Wicklow,Cow,/storage/btbgenie/mbovis_ireland/Wicklow/Fastqs_09-07-18/37-MBovis_S6_L001-4_R1_001.fastq.gz,1,SB0054,37-MBovis,5,Wicklow-1
197,3738,3738,Monaghan,Cow,/storage/btbgenie/mbovis_ireland/Monaghan/Fastqs_24-09-19/3738_S61_L001-4_R2_001.fastq.gz,1,SB0140,3738,3,Monaghan-2
198,3747,3747,Monaghan,Cow,/storage/btbgenie/mbovis_ireland/Monaghan/Fastqs_24-09-19/3747_S48_L001-4_R1_001.fastq.gz,1,SB0140,3747,3,Monaghan-2
199,3762,3762,Monaghan,Cow,/storage/btbgenie/mbovis_ireland/Monaghan/Fastqs_24-09-19/3762_S84_L001-4_R1_001.fastq.gz,1,SB0980,3762,4,Monaghan-1
200,38-MBovis,38-MBovis,Wicklow,Cow,/storage/btbgenie/mbovis_ireland/Wicklow/Fastqs_09-07-18/38-MBovis_S34_L001-4_R1_001.fastq.gz,1,SB0054,38-MBovis,5,Wicklow-1
201,3825,3825,Monaghan,Cow,/storage/btbgenie/mbovis_ireland/Monaghan/Fastqs_24-09-19/3825_S62_L001-4_R2_001.fastq.gz,1,SB0140,3825,3,Monaghan-2
202,39-MBovis,39-MBovis,Wicklow,Cow,/storage/btbgenie/mbovis_ireland/Wicklow/Fastqs_09-07-18/39-MBovis_S27_L001-4_R1_001.fastq.gz,1,,39-MBovis,5,Wicklow-1
203,3958,3958,Monaghan,Badger,/storage/btbgenie/mbovis_ireland/Monaghan/Fastqs_24-09-19/3958_S20_L001-4_R2_001.fastq.gz,1,SB0142,3958,6,Monaghan-3
204,41-2165,41-2165,Wicklow,Badger,/storage/btbgenie/mbovis_ireland/Wicklow/Fastqs_15-03-19/41-2165_S91_L001-4_R2_001.fastq.gz,1,SB0054,41-2165,5,Wicklow-1
205,41-MBovis,41-MBovis,Wicklow,Cow,/storage/btbgenie/mbovis_ireland/Wicklow/Fastqs_09-07-18/41-MBovis_S39_L001-4_R1_001.fastq.gz,1,SB0054,41-MBovis,5,Wicklow-1
206,42-MBovis,42-MBovis,Wicklow,Cow,/storage/btbgenie/mbovis_ireland/Wicklow/Fastqs_09-07-18/42-MBovis_S28_L001-4_R1_001.fastq.gz,1,SB0054,42-MBovis,5,Wicklow-1
207,4238,4238,Monaghan,Cow,/storage/btbgenie/mbovis_ireland/Monaghan/Fastqs_24-09-19/4238_S9_L001-4_R2_001.fastq.gz,1,SB0142,4238,6,Monaghan-3
208,43-MBovis,43-MBovis,Wicklow,Cow,/storage/btbgenie/mbovis_ireland/Wicklow/Fastqs_09-07-18/43-MBovis_S11_L001-4_R2_001.fastq.gz,1,SB0054,43-MBovis,5,Wicklow-1
209,44-MBovis,44-MBovis,Wicklow,Cow,/storage/btbgenie/mbovis_ireland/Wicklow/Fastqs_09-07-18/44-MBovis_S16_L001-4_R1_001.fastq.gz,1,SB0054,44-MBovis,5,Wicklow-1
210,45-MBovis,45-MBovis,Wicklow,Cow,/storage/btbgenie/mbovis_ireland/Wicklow/Fastqs_09-07-18/45-MBovis_S22_L001-4_R1_001.fastq.gz,1,SB0054,45-MBovis,5,Wicklow-1
211,459p,459p,Monaghan,Badger,/storage/btbgenie/mbovis_ireland/Monaghan/Fastqs_29-07-19/459p_S73_L001-4_R2_001.fastq.gz,1,SB0142,459p,6,Monaghan-3
212,461,461,Monaghan,Badger,/storage/btbgenie/mbovis_ireland/Monaghan/Fastqs_29-07-19/461_S90_L001-4_R1_001.fastq.gz,1,SB0129,461,-1,Unknown
213,47-MBovis,47-MBovis,Wicklow,Cow,/storage/btbgenie/mbovis_ireland/Wicklow/Fastqs_09-07-18/47-MBovis_S8_L001-4_R1_001.fastq.gz,1,SB0054,47-MBovis,5,Wicklow-1
214,4789,4789,Monaghan,Badger,/storage/btbgenie/mbovis_ireland/Monaghan/Fastqs_24-09-19/4789_S93_L001-4_R1_001.fastq.gz,1,SB0142,4789,6,Monaghan-3
215,4792,4792,Monaghan,Badger,/storage/btbgenie/mbovis_ireland/Monaghan/Fastqs_24-09-19/4792_S11_L001-4_R2_001.fastq.gz,1,SB0142,4792,6,Monaghan-3
216,4794,4794,Monaghan,Badger,/storage/btbgenie/mbovis_ireland/Monaghan/Fastqs_24-09-19/4794_S73_L001-4_R1_001.fastq.gz,1,SB0140,4794,3,Monaghan-2
217,4798,4798,Monaghan,Badger,/storage/btbgenie/mbovis_ireland/Monaghan/Fastqs_24-09-19/4798_S58_L001-4_R2_001.fastq.gz,1,SB0140,4798,4,Monaghan-1
218,48-2919,48-2919,Wicklow,Deer,/storage/btbgenie/mbovis_ireland/Wicklow/Fastqs_15-03-19/48-2919_S59_L001-4_R1_001.fastq.gz,1,SB0054,48-2919,5,Wicklow-1
219,48-MBovis,48-MBovis,Wicklow,Cow,/storage/btbgenie/mbovis_ireland/Wicklow/Fastqs_09-07-18/48-MBovis_S17_L001-4_R2_001.fastq.gz,1,SB0054,48-MBovis,5,Wicklow-1
220,49-MBovis,49-MBovis,Wicklow,Cow,/storage/btbgenie/mbovis_ireland/Wicklow/Fastqs_09-07-18/49-MBovis_S40_L001-4_R1_001.fastq.gz,1,SB0054,49-MBovis,5,Wicklow-1
221,4941,4941,Monaghan,Badger,/storage/btbgenie/mbovis_ireland/Monaghan/Fastqs_24-09-19/4941_S63_L001-4_R1_001.fastq.gz,1,SB0140,4941,4,Monaghan-1
222,4945,4945,Monaghan,Badger,/storage/btbgenie/mbovis_ireland/Monaghan/Fastqs_24-09-19/4945_S75_L001-4_R2_001.fastq.gz,1,SB0980,4945,4,Monaghan-1
223,4946,4946,Monaghan,Badger,/storage/btbgenie/mbovis_ireland/Monaghan/Fastqs_24-09-19/4946_S30_L001-4_R1_001.fastq.gz,1,SB0140,4946,4,Monaghan-1
224,4947,4947,Monaghan,Badger,/storage/btbgenie/mbovis_ireland/Monaghan/Fastqs_24-09-19/4947_S15_L001-4_R2_001.fastq.gz,1,SB0140,4947,4,Monaghan-1
225,4948,4948,Monaghan,Badger,/storage/btbgenie/mbovis_ireland/Monaghan/Fastqs_24-09-19/4948_S8_L001-4_R2_001.fastq.gz,1,,4948,6,Monaghan-3
226,4960,4960,Monaghan,Badger,/storage/btbgenie/mbovis_ireland/Monaghan/Fastqs_24-09-19/4960_S92_L001-4_R2_001.fastq.gz,1,SB0140,4960,4,Monaghan-1
227,4961,4961,Monaghan,Badger,/storage/btbgenie/mbovis_ireland/Monaghan/Fastqs_24-09-19/4961_S90_L001-4_R1_001.fastq.gz,1,SB0142,4961,6,Monaghan-3
228,4973,4973,Monaghan,Badger,/storage/btbgenie/mbovis_ireland/Monaghan/Fastqs_24-09-19/4973_S49_L001-4_R2_001.fastq.gz,1,SB0142,4973,6,Monaghan-3
229,5-10284,5-10284,Wicklow,Cow,/storage/btbgenie/mbovis_ireland/Wicklow/Fastqs_15-03-19/5-10284_S52_L001-4_R2_001.fastq.gz,1,SB0054,5-10284,5,Wicklow-1
230,50-MBovis,50-MBovis,Wicklow,Cow,/storage/btbgenie/mbovis_ireland/Wicklow/Fastqs_09-07-18/50-MBovis_S23_L001-4_R1_001.fastq.gz,1,SB0054,50-MBovis,5,Wicklow-1
231,51-3292,51-3292,Wicklow,Badger,/storage/btbgenie/mbovis_ireland/Wicklow/Fastqs_15-03-19/51-3292_S37_L001-4_R1_001.fastq.gz,1,SB0054,51-3292,5,Wicklow-1
232,51-MBovis,51-MBovis,Wicklow,Cow,/storage/btbgenie/mbovis_ireland/Wicklow/Fastqs_09-07-18/51-MBovis_S46_L001-4_R1_001.fastq.gz,1,SB0054,51-MBovis,5,Wicklow-1
233,5158,5158,Monaghan,Cow,/storage/btbgenie/mbovis_ireland/Monaghan/Fastqs_24-09-19/5158_S28_L001-4_R2_001.fastq.gz,1,SB0142,5158,6,Monaghan-3
234,52-3698,52-3698,Wicklow,Cow,/storage/btbgenie/mbovis_ireland/Wicklow/Fastqs_15-03-19/52-3698_S46_L001-4_R1_001.fastq.gz,1,SB0054,52-3698,5,Wicklow-1
235,5220,5220,Monaghan,Cow,/storage/btbgenie/mbovis_ireland/Monaghan/Fastqs_24-09-19/5220_S44_L001-4_R1_001.fastq.gz,1,SB0140,5220,3,Monaghan-2
236,529,529,Monaghan,,/storage/btbgenie/mbovis_ireland/Monaghan/Fastqs_29-07-19/529_S39_L001-4_R1_001.fastq.gz,1,SB0140,529,2,
237,54-MBovis,54-MBovis,Wicklow,Cow,/storage/btbgenie/mbovis_ireland/Wicklow/Fastqs_09-07-18/54-MBovis_S24_L001-4_R2_001.fastq.gz,1,SB0054,54-MBovis,5,Wicklow-1
238,548,548,Monaghan,Badger,/storage/btbgenie/mbovis_ireland/Monaghan/Fastqs_29-07-19/548_S25_L001-4_R2_001.fastq.gz,1,SB0140,548,4,Monaghan-1
239,55-4348,55-4348,Wicklow,Cow,/storage/btbgenie/mbovis_ireland/Wicklow/Fastqs_15-03-19/55-4348_S28_L001-4_R1_001.fastq.gz,1,SB0054,55-4348,5,Wicklow-1
240,5572,5572,Monaghan,Cow,/storage/btbgenie/mbovis_ireland/Monaghan/Fastqs_24-09-19/5572_S18_L001-4_R2_001.fastq.gz,1,SB0140,5572,3,Monaghan-2
241,56-MBovis,56-MBovis,Wicklow,Cow,/storage/btbgenie/mbovis_ireland/Wicklow/Fastqs_09-07-18/56-MBovis_S13_L001-4_R2_001.fastq.gz,1,SB0054,56-MBovis,5,Wicklow-1
242,59-6110,59-6110,Wicklow,Cow,/storage/btbgenie/mbovis_ireland/Wicklow/Fastqs_15-03-19/59-6110_S65_L001-4_R1_001.fastq.gz,1,SB0054,59-6110,5,Wicklow-1
243,59-MBovis,59-MBovis,Wicklow,Cow,/storage/btbgenie/mbovis_ireland/Wicklow/Fastqs_09-07-18/59-MBovis_S33_L001-4_R2_001.fastq.gz,1,SB0054,59-MBovis,5,Wicklow-1
244,7-10423,7-10423,Wicklow,Deer,/storage/btbgenie/mbovis_ireland/Wicklow/Fastqs_15-03-19/7-10423_S73_L001-4_R2_001.fastq.gz,1,SB0054,7-10423,5,Wicklow-1
245,717,717,Monaghan,Badger,/storage/btbgenie/mbovis_ireland/Monaghan/Fastqs_29-07-19/717_S28_L001-4_R1_001.fastq.gz,1,SB0142,717,6,Monaghan-3
246,724p,724p,Monaghan,Badger,/storage/btbgenie/mbovis_ireland/Monaghan/Fastqs_29-07-19/724p_S44_L001-4_R1_001.fastq.gz,1,SB0140,724p,3,Monaghan-2
247,973,973,Monaghan,Cow,/storage/btbgenie/mbovis_ireland/Monaghan/Fastqs_29-07-19/973_S53_L001-4_R1_001.fastq.gz,1,SB0140,973,3,Monaghan-2
